,지역,지역구,카페명,주소,위도,경도,파일명
0,서서울,은평,스모어,서울 은평구 연서로29길 8-8,37.6189525,126.9196972,ws_ep_01.png
1,서서울,은평,필라멘트카페,서울 은평구 통일로 883,37.621753399999996,126.9194619,ws_ep_02.png
2,서서울,은평,HUGA,서울 은평구 진관2로 19,37.634753,126.9197743,ws_ep_03.png
3,서서울,은평,YM Coffee Project,서울 은평구 연서로29길 21-8,37.61909489999999,126.91754180000001,ws_ep_04.png
4,서서울,은평,카페달력,서울 은평구 연서로18길 28-2,37.6119303,126.92053390000001,ws_ep_05.png
5,서서울,은평,CAFE ASA,서울 은평구 불광천길 338,37.589068100000006,126.91409420000001,ws_ep_06.png
6,서서울,은평,1인1잔,서울 은평구 연서로 534,37.619088399999995,126.92350230000001,ws_ep_07.png
7,서서울,은평,카페뤽상부르,서울 은평구 연서로25길 6-11,37.617221799999996,126.9181467,ws_ep_08.png
8,서서울,은평,Tamnadoda cafe,서울 은평구 통일로83길 5-14,37.620598,126.91874229999999,ws_ep_09.png
9,서서울,은평,북한산제빵소,서울 은평구 진관동 126-11,37.639481200000006,126.9401428,ws_ep_10.png
10,서서울,은평,제이츠 커피 브루어스,서울 은평구 연서로25길 20-3,37.6174221,126.91689440000002,ws_ep_11.png
11,서서울,은평,슬러프커피,서울 은평구 연서로16길 15-7,37.6097942,126.91848870000001,ws_ep_12.png
12,서서울,은평,다용도실,서울 은평구 연서로20길 17,37.6140571,126.9198779,ws_ep_13.png
13,서서울,마포,프릳츠 도화점,서울 마포구 새창로2길 17,37.5409755,126.94904679999999,ws_mp_01.png
14,서서울,마포,피오니,서울 마포구 어울마당로 56,37.5499118,126.92124340000001,ws_mp_02.png
15,서서울,마포,앤트러사이트 합정점,서울 마포구 토정로5길 10,37.5458006,126.91832079999999,ws_mp_03.png
16,서서울,마포,카페부라노,서울 마포구 동교로23길 14,37.5568708,126.9208862,ws_mp_04.png
17,서서울,마포,소복 홍대 본점,서울 마포구 어울마당로 58,37.5500661,126.92126950000001,ws_mp_05.png
18,서서울,마포,허밍벨라,서울 마포구 독막로7길 57,37.5503215,126.91993490000002,ws_mp_06.png
19,서서울,마포,젤라띠젤라띠,서울 마포구 와우산로17길 12,37.5502746,126.9223031,ws_mp_07.png
20,서서울,마포,커피가게동경,서울 마포구 망원로6길 21,37.555909899999996,126.9035384,ws_mp_08.png
21,서서울,마포,아오이토리,서울 마포구 와우산로29길 8,37.5547393,126.92943909999998,ws_mp_09.png
22,서서울,마포,안티크코코,서울 마포구 독막로 64,37.5475819,126.9204814,ws_mp_10.png
23,서서울,마포,카페 레드빅,서울 마포구 잔다리로6길 5,37.5521037,126.9194429,ws_mp_11.png
24,서서울,마포,카페하이웨스트,서울 마포구 성미산로 167-9,37.5645316,126.92506340000001,ws_mp_12.png
25,서서울,마포,블랑드티,서울 마포구 양화로 61,37.5507622,126.9150317,ws_mp_13.png
26,서서울,서대문,카페 카페,서울 서대문구 연세로12길 19,37.5590079,126.93816329999999,ws_sdm_01.png
27,서서울,서대문,호밀밭,서울 서대문구 신촌역로 43,37.55891210000001,126.9406332,ws_sdm_02.png
28,서서울,서대문,매뉴팩트커피,서울 서대문구 연희로11길 29,37.567758000000005,126.92959809999999,ws_sdm_03.png
29,서서울,서대문,어반앨리스,서울 서대문구 이화여대1길 10,37.5576095,126.94490159999998,ws_sdm_04.png
30,서서울,서대문,waffle it up,서울 서대문구 이화여대3길 42-19,37.5582078,126.94328940000001,ws_sdm_05.png
31,서서울,서대문,카페페라,서울 서대문구 이화여대8길 2,37.558617,126.9459253,ws_sdm_06.png
32,서서울,서대문,보일링팟,서울 서대문구 연세로 42-22,37.55920820000001,126.9382884,ws_sdm_07.png
33,서서울,서대문,마호가니,서울 서대문구 연희맛로 45,37.5688266,126.93118340000001,ws_sdm_08.png
34,서서울,서대문,독수리다방,서울 서대문구 연세로 36,37.5587229,126.9372291,ws_sdm_09.png
35,서서울,서대문,하이드미플리즈,서울 서대문구 통일로39나길 5,37.5884239,126.94308649999999,ws_sdm_10.png
36,서서울,서대문,마이디어스윗,서울 서대문구 세검정로 52-10,37.5919658,126.94650590000002,ws_sdm_11.png
37,서서울,서대문,로열티하우스,서울 서대문구 충정로 71-5,37.5651589,126.96542120000001,ws_sdm_12.png
38,서서울,서대문,팝컨테이너,서울 서대문구 명물길 70,37.5588248,126.94005159999999,ws_sdm_13.png
39,서남,강서,고양이똥,서울 강서구 공항대로59가길 13,37.552004700000005,126.86462709999999,sw_gs_01.png
40,서남,강서,고양이정원,서울 강서구 개화동로19길 18,37.5756508,126.80310320000001,sw_gs_02.png
41,서남,강서,헤븐온탑 김포공항점,서울 강서구 하늘길 38,37.566773299999994,126.8025118,sw_gs_03.png
42,서남,강서,WE Ccafe,서울 강서구 강서로47길 169,37.553410799999995,126.82670490000001,sw_gs_04.png
43,서남,강서,아임멍,서울 강서구 마곡서로 158,37.568023,126.825098,sw_gs_05.png
44,서남,강서,카페숨,서울 강서구 공항대로39길 7,37.558577899999996,126.8433001,sw_gs_06.png
45,서남,강서,하롱하롱,서울 강서구 마곡서로 152,37.5675429,126.8259872,sw_gs_07.png
46,서남,강서,뚜스뚜스,서울 강서구 화곡로 408,37.5595764,126.8547716,sw_gs_08.png
47,서남,강서,요로콘데,서울 강서구 마곡중앙로 161-1,37.5678801,126.82656670000001,sw_gs_09.png
48,서남,강서,브루드서울,서울 강서구 마곡중앙로 161-11,37.5678801,126.82656670000001,sw_gs_10.png
49,서남,강서,793 플라워팩토리,서울 강서구 마곡중앙8로 90,37.5608125,126.8376875,sw_gs_11.png
50,서남,강서,카페소금다방,서울 강서구 공항대로61길 42,37.552685499999995,126.86637320000001,sw_gs_12.png
51,서남,강서,어느예쁜날,서울 강서구 화곡로26가길 18,37.5408966,126.8395116,sw_gs_13.png
52,서남,양천,커피별녹색잔,서울 양천구 목동로21길 26,37.52523729999999,126.86083570000001,sw_yc_01.png
53,서남,양천,C27 현대백화점목동점,서울 양천구 목동동로 257,37.5268253,126.87497820000002,sw_yc_02.png
54,서남,양천,에프스토리,서울 양천구 목동동로 226-19,37.5255045,126.8730929,sw_yc_03.png
55,서남,양천,cafe qooom,서울 양천구 목동로23길 1,37.5270576,126.863289,sw_yc_04.png
56,서남,양천,카페 제하,서울 양천구 목동동로 177,37.521582200000005,126.8704402,sw_yc_05.png
57,서남,양천,이기스카페 목동점,서울 양천구 목동동로 293,37.5281527,126.8757457,sw_yc_06.png
58,서남,양천,르플로르,서울 양천구 목동동로 222-13,37.525279,126.8727908,sw_yc_07.png
59,서남,양천,엘가커피 목동점,서울 양천구 신정중앙로 107,37.526399100000006,126.86367690000002,sw_yc_08.png
60,서남,양천,알리커피,서울 양천구 중앙로32길 45,37.519602,126.85875729999998,sw_yc_09.png
61,서남,양천,테디랩,서울 양천구 신월로36길 11,37.520665,126.85855330000001,sw_yc_10.png
62,서남,양천,퍼블릭맨션,서울 양천구 등촌로 154,37.543499100000005,126.8625778,sw_yc_11.png
63,서남,양천,카페쿤츠,서울 양천구 오목로 170,37.524805799999996,126.85618240000001,sw_yc_12.png
64,서남,양천,커피그레이드,서울 양천구 중앙로51길 71,37.5234824,126.84261240000001,sw_yc_13.png
65,서남,영등포,세상의모든아침,서울 영등포구 여의대로 24,37.522317,126.92011529999999,sw_ydp_01.png
66,서남,영등포,오월의종 타임스퀘어점,서울 영등포구 영중로 15,37.517007,126.9041419,sw_ydp_02.png
67,서남,영등포,올드문래,서울 영등포구 도림로 433-6,37.5138911,126.8942605,sw_ydp_03.png
68,서남,영등포,선유기지,서울 영등포구 선유로51길 1,37.536435,126.89763559999999,sw_ydp_04.png
69,서남,영등포,폴앤폴리나 여의도점,서울 영등포구 의사당대로 108,37.5199076,126.92453870000001,sw_ydp_05.png
70,서남,영등포,카페 진정성,서울 영등포구 국제금융로8길 31,37.51985620000001,126.9279038,sw_ydp_06.png
71,서남,영등포,마호가니커피 타임스퀘어점,서울 영등포구 영중로 15,37.517007,126.9041419,sw_ydp_07.png
72,서남,영등포,타르타르 여의도점,서울 영등포구 의사당대로1길 11,37.519169299999994,126.9285663,sw_ydp_08.png
73,서남,영등포,빌리엔젤 당산역점,서울 영등포구 당산로 223,37.533770600000004,126.9012083,sw_ydp_09.png
74,서남,영등포,시즌커피앤베이크,서울 영등포구 양산로9길 12-1,37.5263223,126.8888412,sw_ydp_10.png
75,서남,영등포,카페 엘디아,서울 영등포구 양평로22길 18,37.537671200000005,126.8973605,sw_ydp_11.png
76,서남,영등포,테라로사 여의도점,서울 영등포구 여의대로 56,37.5240065,126.9228655,sw_ydp_12.png
77,서남,영등포,보사노바 커피 로스터스 문래점,서울 영등포구 영등포로20길 22-4,37.5199186,126.89200179999999,sw_ydp_13.png
78,서남,구로,메이비,서울 구로구 디지털로32나길 51,37.484862400000004,126.90054440000002,sw_gr_01.png
79,서남,구로,카페큐브,서울 구로구 경인로 662,37.5084321,126.88873319999999,sw_gr_02.png
80,서남,구로,빈브라더스 현대백화점 디큐브시티점,서울 구로구 경인로 662,37.5084321,126.88873319999999,sw_gr_03.png
81,서남,구로,이름없는 가게,서울 구로구 개봉로1나길 52,37.485394,126.8524179,sw_gr_04.png
82,서남,구로,고마워케이크,서울 구로구 디지털로 300,37.483379299999996,126.8941131,sw_gr_05.png
83,서남,구로,LonelyAve,서울 구로구 경인로65길 44,37.509554,126.88520790000001,sw_gr_06.png
84,서남,구로,Cafe126,서울 구로구 고척로30길 6,37.5019532,126.84851940000001,sw_gr_07.png
85,서남,구로,카페노아,서울 구로구 서해안로30길 12,37.493176,126.8438922,sw_gr_08.png
86,서남,구로,테일팟,서울 구로구 공원로6나길 29-17,37.5047919,126.8908445,sw_gr_09.png
87,서남,구로,데일리스위츠,서울 구로구 중앙로9,37.5051273,126.86029189999999,sw_gr_10.png
88,서남,구로,하이드아웃,서울 구로구 개봉로20길 30,37.4933424,126.8564453,sw_gr_11.png
89,서남,구로,써드포지션,서울 구로구 개봉로24길 42,37.4958436,126.85774040000001,sw_gr_12.png
90,서남,구로,카페 이졸레,서울 구로구 도림천로 336,37.4949733,126.8937332,sw_gr_13.png
91,도심,종로,레이어드,서울 종로구 북촌로2길 2-3,37.5776998,126.9859145,cs_jr_01.png
92,도심,종로,식물,서울 종로구 돈화문로11다길 46-1,37.573727500000004,126.98963290000002,cs_jr_02.png
93,도심,종로,빌즈,서울 종로구 종로3길 17,37.5717005,126.9797154,cs_jr_03.png
94,도심,종로,서울커피 익선점,서울 종로구 수표로28길 33-3,37.573251899999995,126.9900717,cs_jr_04.png
95,도심,종로,스펙터,서울 종로구 필운대로6길 23-1,37.58023970000001,126.96966299999998,cs_jr_05.png
96,도심,종로,커피방앗간,서울 종로구 북촌로5가길 8-11,37.5802805,126.9824672,cs_jr_06.png
97,도심,종로,서울커피상회,서울 종로구 자하문로7길 67-2,37.58015,126.96888419999999,cs_jr_07.png
98,도심,종로,프릳츠 원서점,서울 종로구 율곡로 83,37.5775971,126.98843259999998,cs_jr_08.png
99,도심,종로,제프리카벤디쉬런던,서울 종로구 대학로8가길 129,37.5802717,127.00351189999999,cs_jr_09.png
100,도심,종로,TXT Coffee,서울 종로구 창덕궁길 121,37.5828255,126.9890299,cs_jr_10.png
101,도심,종로,도밍고팩토리,서울 종로구 성균관로 15,37.5891352,126.996627,cs_jr_11.png
102,도심,종로,홍콩샤워,서울 종로구 창경궁로29길 36,37.584146200000006,126.9973452,cs_jr_12.png
103,도심,종로,블루룸,서울 종로구 대명1길 16-7,37.5828312,127.0002759,cs_jr_13.png
104,도심,중구,포엠,서울 중구 명동4길 13,37.5630844,126.9837459,cs_jg_01.png
105,도심,중구,현상소,서울 중구 만리재로37길 24,37.5567475,126.9671412,cs_jg_02.png
106,도심,중구,분카샤,서울 중구 을지로14길 20,37.5653338,126.99199650000001,cs_jg_03.png
107,도심,중구,호텔수선화,서울 중구 충무로7길 17,37.5656561,126.99164809999999,cs_jg_04.png
108,도심,중구,비단콤마,서울 중구 소월로 31-1,37.556742,126.9766496,cs_jg_05.png
109,도심,중구,마뫼,서울 중구 소파로 41,37.555137200000004,126.98134009999998,cs_jg_06.png
110,도심,중구,토스마이슈,서울 중구 세종대로18길 20-1,37.5636239,126.9782895,cs_jg_07.png
111,도심,중구,4F,서울 중구 을지로35길 26-1,37.5678416,127.0013445,cs_jg_08.png
112,도심,중구,투피스,서울 중구 을지로 230-1,37.5665133,127.00367709999999,cs_jg_09.png
113,도심,중구,카페 피크닉,서울 중구 퇴계로6가길 30,37.5569375,126.97810919999999,cs_jg_10.png
114,도심,중구,심세정,서울 중구 퇴계로 409-11,37.566018799999995,127.01702140000002,cs_jg_11.png
115,도심,중구,아포테케리,서울특별시 중구 퇴계로 409-9,37.5659926,127.0169086,cs_jg_12.png
116,도심,중구,리사르커피,서울 중구 다산로8길 16-7,37.5524436,127.0104206,cs_jg_13.png
117,도심,용산,라페름,서울 용산구 이태원로54길 32,37.536976,127.00171110000001,cs_ys_01.png
118,도심,용산,아베크엘,서울 용산구 두텁바위로69길 29,37.5504891,126.98064850000002,cs_ys_02.png
119,도심,용산,원인어밀리언,서울 용산구 이태원로54길 31,37.5368755,127.0018731,cs_ys_03.png
120,도심,용산,언더프레셔,서울 용산구 한남대로20길 51,37.534898999999996,127.00972920000001,cs_ys_04.png
121,도심,용산,챔프커피 제2작업실,서울 용산구 녹사평대로26가길 24,37.5324573,126.99280120000002,cs_ys_05.png
122,도심,용산,때가이르매,서울 용산구 두텁바위로 8,37.545047600000004,126.9730378,cs_ys_06.png
123,도심,용산,브랑쿠시,서울 용산구 새창로 104,37.5380141,126.9597642,cs_ys_07.png
124,도심,용산,두화당,서울 용산구 백범로87길 25,37.5386701,126.9682902,cs_ys_08.png
125,도심,용산,모어댄레스,서울 용산구 이태원로49길 24,37.537442999999996,126.99929579999998,cs_ys_09.png
126,도심,용산,수르기,서울 용산구 이태원로42길 32,37.5359926,127.00039469999999,cs_ys_10.png
127,도심,용산,앤드커피랩,서울 용산구 이태원로54길 74,37.53519910000001,127.00095970000001,cs_ys_11.png
128,도심,용산,이로공작,서울 용산구 소월로26길 14,37.5453174,126.9870595,cs_ys_12.png
129,도심,용산,오랑오랑,서울 용산구 소월로20길 26-14,37.5450619,126.9850113,cs_ys_13.png
130,남서울,동작,아뜨레케이크,서울 동작구 여의대방로22길 138,37.4982582,126.9275997,ss_dj_01.png
131,남서울,동작,브레드숨,서울 동작구 노량진로18길 37,37.512324299999996,126.95178670000001,ss_dj_02.png
132,남서울,동작,오후홍콩,서울 동작구 흑석로13가길 29,37.5078464,126.96007549999999,ss_dj_03.png
133,남서울,동작,베로니카아서울,서울 동작구 시흥대로 596,37.485621,126.904518,ss_dj_04.png
134,남서울,동작,카페퍼블리코,서울 동작구 상도로 47,37.4999026,126.92582209999999,ss_dj_05.png
135,남서울,동작,벨르보,서울 동작구 상도로33길 11,37.5058885,126.9448439,ss_dj_06.png
136,남서울,동작,세녹,서울 동작구 사당로 304,37.484882,126.98133590000002,ss_dj_07.png
137,남서울,동작,사랑해 바보 똥개,서울 동작구 만양로 112,37.5132965,126.9443935,ss_dj_08.png
138,남서울,동작,페니커피로스터스,서울 동작구 동작대로1길 36,37.4773461,126.97941110000001,ss_dj_09.png
139,남서울,동작,오다가다,서울 동작구 동작대로35길 10,37.490931200000006,126.98180900000001,ss_dj_10.png
140,남서울,동작,밍구네다방,서울 동작구 노량진로 132,37.5133065,126.9405871,ss_dj_11.png
141,남서울,동작,달콤쌉싸롱,서울 동작구 노량진로12길 12-4,37.5133706,126.9439197,ss_dj_12.png
142,남서울,동작,프랑세즈,서울 동작구 현충로 96,37.507901200000006,126.964262,ss_dj_13.png
143,남서울,관악,쟝블랑제리,서울 관악구 낙성대역길 8,37.4771481,126.96195279999999,ss_ga_01.png
144,남서울,관악,오후의 과일,서울 관악구 관악로14길 15,37.479181700000005,126.95347659999999,ss_ga_02.png
145,남서울,관악,egg thumb,서울 관악구 관악로14길 98,37.4777646,126.9577847,ss_ga_03.png
146,남서울,관악,아모르미오,서울 관악구 행운2길 20,37.4790531,126.9600258,ss_ga_04.png
147,남서울,관악,미드레벨,서울 관악구 관악로14길 63,37.4785582,126.95602240000002,ss_ga_05.png
148,남서울,관악,RIVER BELL,서울 관악구 봉천로 524,37.4790891,126.9559404,ss_ga_06.png
149,남서울,관악,황홀경,서울 관악구 관악로14길 37,37.478906,126.9545918,ss_ga_07.png
150,남서울,관악,더은교,서울 관악구 봉천로 600-1,37.4760044,126.96377530000001,ss_ga_08.png
151,남서울,관악,그날의 브런치,서울 관악구 남부순환로230길 48,37.4779581,126.95520309999999,ss_ga_09.png
152,남서울,관악,서울테이블,서울 관악구 관악로14길 2,37.478826899999994,126.9539044,ss_ga_10.png
153,남서울,관악,메이드바이아린,서울 관악구 관악로12길 47,37.477798299999996,126.95507079999999,ss_ga_11.png
154,남서울,관악,포말커피,서울 관악구 신림로67길 25,37.48575220000001,126.9278553,ss_ga_12.png
155,남서울,관악,티라노커피,서울 관악구 남부순환로230길 39,37.4782967,126.9555862,ss_ga_13.png
156,남서울,금천,재미길,서울 금천구 시흥대로50길 12-13,37.4507671,126.9030916,ss_gc_01.png
157,남서울,금천,모나드 커피로스터스,서울 금천구 금하로24길 5,37.450717700000006,126.90875679999999,ss_gc_02.png
158,남서울,금천,디오델 커피,서울 금천구 벚꽃로 30,37.4588664,126.893955,ss_gc_03.png
159,남서울,금천,로드앤커피 2.5,서울 금천구 시흥대로 202,37.45192410000001,126.90213429999999,ss_gc_04.png
160,남서울,금천,커피이즈,서울 금천구 은행나무로 50,37.4511435,126.90323640000001,ss_gc_05.png
161,남서울,금천,카페 트리니티,서울 금천구 가산디지털2로 108,37.4777658,126.8804909,ss_gc_06.png
162,남서울,금천,스미다,서울 금천구 벚꽃로 298,37.4813244,126.88377890000001,ss_gc_07.png
163,남서울,금천,빌리엔젤,서울 금천구 디지털로9길 23,37.4786713,126.88649679999999,ss_gc_08.png
164,남서울,금천,비틀주스,서울 금천구 디지털로9길 99,37.481607399999994,126.88483070000001,ss_gc_09.png
165,남서울,금천,카페자리,서울 금천구 독산로77길 39,37.4700717,126.90034729999999,ss_gc_10.png
166,남서울,금천,판데오로,서울 금천구 가산디지털1로 186,37.4817399,126.8817895,ss_gc_11.png
167,남서울,금천,손수다,서울 금천구 두산로 70,37.469823999999996,126.89589,ss_gc_12.png
168,남서울,금천,제이제이서브,서울 금천구 가산디지털1로 131,37.4769739,126.88231280000001,ss_gc_13.png
169,강남,서초,카페마마스,서울 서초구 서운로 138,37.4959396,127.02522590000001,gn_sc_01.png
170,강남,서초,더플라잉팬레드,서울 서초구 서초대로 411,37.497780299999995,127.02619270000001,gn_sc_02.png
171,강남,서초,쿠오레에스프레소,서울 서초구 강남대로 275,37.4878685,127.0319729,gn_sc_03.png
172,강남,서초,버터핑거팬케익,서울 서초구 강남대로61길 13,37.4988517,127.0255375,gn_sc_04.png
173,강남,서초,프릳츠 양재점,서울 서초구 강남대로37길 24-11,37.485331099999996,127.03218319999999,gn_sc_05.png
174,강남,서초,캐틀앤비,서울 서초구 양재천로 131,37.4787848,127.04189380000001,gn_sc_06.png
175,강남,서초,MAILLET,서울 서초구 사평대로22길 14,37.4989206,126.99758899999999,gn_sc_07.png
176,강남,서초,밀크바,서울 서초구 사평대로 205,37.504425299999994,127.0077601,gn_sc_08.png
177,강남,서초,하프커피,서울 서초구 사평대로 205,37.504425299999994,127.0077601,gn_sc_09.png
178,강남,서초,태양커피,서울 서초구 서초대로25길 55,37.4901785,126.992805,gn_sc_10.png
179,강남,서초,메종엠오,서울 서초구 방배로26길 22,37.489276600000004,126.9940824,gn_sc_11.png
180,강남,서초,루엘드파리,서울 서초구 서초중앙로 18,37.4840138,127.0173415,gn_sc_12.png
181,강남,서초,카페 릴리블랑,서울 서초구 양재천로19길 52,37.4776036,127.03813829999999,gn_sc_13.png
182,강남,강남,알베르,서울 강남구 강남대로102길 34,37.5030004,127.0280905,gn_gn_01.png
183,강남,강남,C27 가로수길점,서울 강남구 도산대로15길 39,37.5206956,127.0232308,gn_gn_02.png
184,강남,강남,더달달,서울 강남구 강남대로102길 38-6,37.5031401,127.02842120000001,gn_gn_03.png
185,강남,강남,브라더후드키친,서울 강남구 봉은사로4길 22,37.503334,127.02636709999999,gn_gn_04.png
186,강남,강남,에이블,서울 강남구 압구정로14길 12,37.5234764,127.02303390000002,gn_gn_05.png
187,강남,강남,샤이바나,서울 강남구 영동대로 513,37.5101935,127.0585824,gn_gn_06.png
188,강남,강남,알베르,서울 강남구 강남대로102길 34,37.5030004,127.0280905,gn_gn_07.png
189,강남,강남,수수커피,서울 강남구 강남대로84길 15,37.4970032,127.0298757,gn_gn_08.png
190,강남,강남,오아시스,서울 강남구 도산대로55길 20,37.5247377,127.04059029999999,gn_gn_09.png
191,강남,강남,트리아농,서울 강남구 학동로59길 43,37.5202844,127.0445558,gn_gn_10.png
192,강남,강남,미엘,서울 강남구 도산대로67길 13-12,37.5252864,127.0435926,gn_gn_11.png
193,강남,강남,듀자미,서울 강남구 도산대로11길 28,37.5193063,127.0225815,gn_gn_12.png
194,강남,강남,카페뮬라,서울 강남구 압구정로4길 13-12,37.521923,127.0212939,gn_gn_13.png
195,강북,도봉,PUKUPUKU,서울 도봉구 도당로13다길 19,37.6657761,127.0334324,gb_db_01.png
196,강북,도봉,카페오븐,서울 도봉구 해등로16길 12,37.6558439,127.0406987,gb_db_02.png
197,강북,도봉,쌍문동커피,서울 도봉구 도봉로116길 5,37.648175,127.035698,gb_db_03.png
198,강북,도봉,뮤즈서울,서울 도봉구 도봉로110다길 51,37.6428627,127.03339960000001,gb_db_04.png
199,강북,도봉,알레싸카페,서울 도봉구 도봉로150다길 28,37.66776420000001,127.044555,gb_db_05.png
200,강북,도봉,카페더로비,서울 도봉구 방학로 171-5,37.661987599999996,127.0332537,gb_db_06.png
201,강북,도봉,일월생,서울 도봉구 해등로 180,37.6577361,127.03683799999999,gb_db_07.png
202,강북,도봉,카페방학,서울 도봉구 도당로6길 30-6,37.6613592,127.03651809999998,gb_db_08.png
203,강북,도봉,와겐커피,서울 도봉구 도봉로150마길 15,37.6676879,127.04491709999999,gb_db_09.png
204,강북,도봉,김화자 카페,서울 도봉구 도봉로114길 50,37.6474757,127.0371179,gb_db_10.png
205,강북,도봉,여전히달달해,서울 도봉구 해등로 120-4,37.6541795,127.0412267,gb_db_11.png
206,강북,도봉,카페작약,서울 도봉구 도봉로118길 10,37.648923499999995,127.03566000000001,gb_db_12.png
207,강북,도봉,카페152길,서울 도봉구 도봉로152길 29-3,37.6695709,127.0454518,gb_db_13.png
208,강북,강북,미즐,서울 강북구 수유동 535-11,37.6435127,127.0037736,gb_gb_01.png
209,강북,강북,칠복상회 로스팅 공간,서울 강북구 한천로132길 7,37.639405700000005,127.02849520000001,gb_gb_02.png
210,강북,강북,어니언,서울 강북구 솔매로50길 55,37.6241045,127.0284021,gb_gb_03.png
211,강북,강북,로팸,서울 강북구 4.19로 61-1,37.639609899999996,127.0256575,gb_gb_04.png
212,강북,강북,스펙트럼커피랩,서울 강북구 도봉로97길 39,37.6424777,127.0273425,gb_gb_05.png
213,강북,강북,카페수카페,서울 강북구 도봉로 52,37.6136586,127.03044320000001,gb_gb_06.png
214,강북,강북,경계선,서울 강북구 삼각산로 22-7,37.6384562,127.0070885,gb_gb_07.png
215,강북,강북,커피베스코,서울 강북구 도봉로 342,37.6380167,127.02613500000001,gb_gb_08.png
216,강북,강북,키쉬미뇽,서울 강북구 도봉로10길 12,37.613086200000005,127.03074850000002,gb_gb_09.png
217,강북,강북,노르웨이안 우드,서울 강북구 인수봉로 314,37.64672,127.01069070000001,gb_gb_10.png
218,강북,강북,베네피션트,서울 강북구 노해로 13,37.6393245,127.01965919999999,gb_gb_11.png
219,강북,강북,전광수커피하우스,서울 강북구 4.19로 97,37.64417329999999,127.0045193,gb_gb_12.png
220,강북,강북,하프,서울 강북구 도봉로89길 5-12,37.6386582,127.0254797,gb_gb_13.png
221,강북,성북,카페오월,서울 성북구 동소문로 111,37.593362899999995,127.0172733,gb_sb_01.png
222,강북,성북,휘스커,서울 성북구 성북로7길 21,37.58938320000001,127.00375729999999,gb_sb_02.png
223,강북,성북,커피매터스,서울 성북구 동소문로10길 19-1,37.5897388,127.0114409,gb_sb_03.png
224,강북,성북,프로젝트얼스,서울 성북구 성북로15길 21,37.5926969,126.99977709999999,gb_sb_04.png
225,강북,성북,제뉴어리피크닉,서울 성북구 창경궁로43길 26,37.5891035,127.0041324,gb_sb_05.png
226,강북,성북,수연산방차,서울 성북구 성북로26길 8,37.5950128,126.99482590000001,gb_sb_06.png
227,강북,성북,레인드롭카페,서울 성북구 동소문로22길 57-12,37.590612899999996,127.019222,gb_sb_07.png
228,강북,성북,더홈서울카페,서울 성북구 인촌로1길 87,37.5887865,127.01738219999999,gb_sb_08.png
229,강북,성북,알렉스더커피 성북점,서울 성북구 성북로28길 9,37.5950592,126.99349579999999,gb_sb_09.png
230,강북,성북,조셉의 커피나무,서울 성북구 성북로31길 65,37.5945577,126.9885926,gb_sb_10.png
231,강북,성북,숑디 인 오하라,서울 성북구 보문로30길 80,37.591041,127.02010859999999,gb_sb_11.png
232,강북,성북,cafe b,서울 성북구 보문로30길 71,37.5905704,127.0195283,gb_sb_12.png
233,강북,성북,미미상회,서울 성북구 동소문로22길 57-17,37.5907865,127.01929779999999,gb_sb_13.png
234,강북,노원,아고라커피,서울 노원구 동일로193길 14,37.6260239,127.07173049999999,gb_nw_01.png
235,강북,노원,토프레소 상계역점,서울 노원구 덕릉로83길 14-3,37.66014860000001,127.0745994,gb_nw_02.png
236,강북,노원,비스킷플로어,서울 노원구 동일로180길 61-7,37.623206200000006,127.0775679,gb_nw_03.png
237,강북,노원,플랫커피,서울 노원구 공릉로39길 20,37.6238012,127.07830249999999,gb_nw_04.png
238,강북,노원,ddami coffee,서울 노원구 공릉로 120,37.6206095,127.07850959999999,gb_nw_05.png
239,강북,노원,표준커피,서울 노원구 공릉로 119-5,37.6210059,127.0781524,gb_nw_06.png
240,강북,노원,스윗레시피,서울 노원구 상계로1길 38,37.6576842,127.0616951,gb_nw_07.png
241,강북,노원,502세컨즈카페카페,서울 노원구 섬밭로 232,37.6366317,127.066364,gb_nw_08.png
242,강북,노원,이너모스트,서울 노원구 동일로183길 12-1,37.623144700000005,127.07283570000001,gb_nw_09.png
243,강북,노원,오누이,서울 노원구 동일로187길 12-47,37.624590000000005,127.07237590000001,gb_nw_10.png
244,강북,노원,moodshare,서울 노원구 공릉로 119-23,37.62148679999999,127.07789380000001,gb_nw_11.png
245,강북,노원,쌍뜨떼,서울 노원구 동일로174길 37-16,37.6198532,127.077428,gb_nw_12.png
246,강북,노원,에이치큐브,서울 노원구 노원로1길 73-12,37.6204575,127.0829327,gb_nw_13.png
247,동서울,동대문,커피나인,서울 동대문구 답십리로 68,37.575331299999995,127.04839040000002,es_ddm_01.png
248,동서울,동대문,멜로우시티카페,서울 동대문구 서울시립대로12길 6,37.5785799,127.05022949999999,es_ddm_02.png
249,동서울,동대문,슬로우스트림커피,서울 동대문구 전농로3길 12,37.568456899999994,127.0565376,es_ddm_03.png
250,동서울,동대문,커피코,서울 동대문구 천호대로 151,37.5736533,127.0402303,es_ddm_04.png
251,동서울,동대문,브라운팩토리,서울 동대문구 천호대로 15,37.5748322,127.0252173,es_ddm_05.png
252,동서울,동대문,비하인드미,서울 동대문구 회기로 125,37.591587,127.05052279999998,es_ddm_06.png
253,동서울,동대문,포비 회기,서울 동대문구 회기로31길 13,37.59056079999999,127.05898190000002,es_ddm_07.png
254,동서울,동대문,카페온,서울 동대문구 왕산로 276-1,37.5851342,127.05136570000002,es_ddm_08.png
255,동서울,동대문,카페반창고,서울 동대문구 경희대로1가길 18,37.5925313,127.05164769999999,es_ddm_09.png
256,동서울,동대문,디저트홀릭케이크전문,서울 동대문구 경희대로4길 7,37.592516700000004,127.05308259999998,es_ddm_10.png
257,동서울,동대문,니어커피,서울 동대문구 경희대로4길 79,37.5913942,127.0564893,es_ddm_11.png
258,동서울,동대문,카페양귀비,서울 동대문구 이문로9길 8,37.592929,127.05742679999999,es_ddm_12.png
259,동서울,동대문,멜팅폼카페,서울 동대문구 천장산로7길 10-3,37.5986553,127.0571144,es_ddm_13.png
260,동서울,중랑,파크더블유,서울 중랑구 양원역로16길 103-111,37.6077574,127.11383500000001,es_gl_01.png
261,동서울,중랑,상봉커피,서울 중랑구 봉우재로 96,37.5918972,127.0837317,es_gl_02.png
262,동서울,중랑,카페브릭,서울 중랑구 신내역로1길 127-11,37.61266810000001,127.10329579999998,es_gl_03.png
263,동서울,중랑,커피나무,서울 중랑구 신내로 62,37.6047179,127.0957413,es_gl_04.png
264,동서울,중랑,시즌카페,서울 중랑구 사가정로49길 62,37.58373220000001,127.0870122,es_gl_05.png
265,동서울,중랑,데일리파크,서울 중랑구 신내로15길 196,37.616808299999995,127.0881722,es_gl_06.png
266,동서울,중랑,개인공간,서울 중랑구 송림길 12,37.5998681,127.0956868,es_gl_07.png
267,동서울,중랑,카페레블,서울 중랑구 면목로49길 6,37.5827456,127.0881825,es_gl_08.png
268,동서울,중랑,칼라스,서울 중랑구 동일로 932,37.613797,127.07750290000001,es_gl_09.png
269,동서울,중랑,커피마마,서울 중랑구 면목로 491,37.5957664,127.085256,es_gl_10.png
270,동서울,중랑,카페드리옹,서울 중랑구 면목천로19길 50,37.58628289999999,127.0809574,es_gl_11.png
271,동서울,중랑,카페이노이드,서울 중랑구 용마산로86길 9-38,37.5875735,127.0967629,es_gl_12.png
272,동서울,중랑,달꿈남매,서울 중랑구 면목동 118-1,37.5877784,127.0860331,es_gl_13.png
273,동서울,성동,어니언,서울 성동구 아차산로9길 8,37.544643900000004,127.0583225,es_sd_01.png
274,동서울,성동,어반소스,서울 성동구 연무장3길 9,37.544546600000004,127.05122949999999,es_sd_02.png
275,동서울,성동,자그마치,서울 성동구 성수이로 88,37.542630200000005,127.0567522,es_sd_03.png
276,동서울,성동,카멜,서울 성동구 성덕정19길 6,37.5371935,127.05587479999998,es_sd_04.png
277,동서울,성동,오르에르,서울 성동구 연무장길 18,37.5434188,127.051374,es_sd_05.png
278,동서울,성동,카페성수,서울 성동구 서울숲4길 13,37.547499,127.04248500000001,es_sd_06.png
279,동서울,성동,센터커피,서울 성동구 서울숲2길 28-11,37.5464894,127.04165259999998,es_sd_07.png
280,동서울,성동,쉐어드테이블,서울 성동구 연무장길 47,37.542767100000006,127.0547193,es_sd_08.png
281,동서울,성동,멜로워,서울 성동구 성수이로7길 39,37.5424991,127.05320630000001,es_sd_09.png
282,동서울,성동,홀볼트,서울 성동구 성수이로 58,37.5401223,127.0555878,es_sd_10.png
283,동서울,성동,체다앤올리,서울 성동구 서울숲2길 32-14,37.5463874,127.04229099999999,es_sd_11.png
284,동서울,성동,봉순이네다락방,서울 성동구 왕십리로21길 13-1,37.5610921,127.0329743,es_sd_12.png
285,동서울,성동,글로우,서울 성동구 아차산로9길 20,37.545858700000004,127.05868740000001,es_sd_13.png
286,동서울,광진,펠어커피,서울 광진구 아차산로59길 63,37.5412294,127.09080549999999,es_gj_01.png
287,동서울,광진,마우스래빗,서울 광진구 능동로11길 10,37.5419628,127.0708885,es_gj_02.png
288,동서울,광진,최가커피,서울 광진구 능동로13길 23,37.5429832,127.07058729999999,es_gj_03.png
289,동서울,광진,오폐뜨,서울 광진구 능동로 111,37.540978499999994,127.0708351,es_gj_04.png
290,동서울,광진,바이레인,서울 광진구 능동로50길 9,37.564005200000004,127.084053,es_gj_05.png
291,동서울,광진,더466키친,서울 광진구 아차산로 466,37.5396601,127.0938888,es_gj_06.png
292,동서울,광진,안다즈카페,서울 광진구 천호대로132길 10,37.5503218,127.08950220000001,es_gj_07.png
293,동서울,광진,꼬메노,서울 광진구 군자로7길 29,37.5455626,127.06907279999999,es_gj_08.png
294,동서울,광진,카페 케이375,서울 광진구 아차산로33길 68,37.543110999999996,127.07125559999999,es_gj_09.png
295,동서울,광진,카페호이,서울 광진구 동일로20길 80,37.5400898,127.0678283,es_gj_10.png
296,동서울,광진,필라멘트스터디카페,서울 광진구 동일로22길 117-17,37.541408600000004,127.07075619999999,es_gj_11.png
297,동서울,광진,커피마켓,서울 광진구 아차산로33길 60,37.5428198,127.0711291,es_gj_12.png
298,동서울,광진,엘리펀트,서울 광진구 동일로 76,37.5678107,127.08078490000001,es_gj_13.png
299,동남,강동,카페드하이몬드,서울 강동구 천호대로 1022,37.5375953,127.1253702,se_gd_01.png
300,동남,강동,커피와글,서울 강동구 올림픽로62길 5-27,37.537530600000004,127.12369740000001,se_gd_02.png
301,동남,강동,옹끌카페,서울 강동구 진황도로 4-9,37.5396359,127.1280179,se_gd_03.png
302,동남,강동,감성커피 천호,서울 강동구 구천면로 192,37.5464536,127.140148,se_gd_04.png
303,동남,강동,카페 그라운드,서울 강동구 올림픽로 756,37.5486309,127.12725790000002,se_gd_05.png
304,동남,강동,카페 메종드한,서울 강동구 강동대로 177,37.5251705,127.12644180000001,se_gd_06.png
305,동남,강동,커피몽타주,서울 강동구 올림픽로48길 23-12,37.5294606,127.1218503,se_gd_07.png
306,동남,강동,평상시,서울 강동구 고덕로20길 26,37.5535316,127.1336077,se_gd_08.png
307,동남,강동,피에로 커피,서울 강동구 성내로14길 27,37.5265684,127.12661100000001,se_gd_09.png
308,동남,강동,페더커피,서울 강동구 진황도로 123,37.534743299999995,127.13994299999999,se_gd_10.png
309,동남,강동,엘리펀트커피,서울 강동구 양재대로 1548,37.543638,127.1424877,se_gd_11.png
310,동남,강동,더츠커피 가르텐페스트점,서울 강동구 강동대로 179,37.5249814,127.1267065,se_gd_12.png
311,동남,강동,스윗솔트,서울 강동구 상암로 286,37.5454483,127.1541116,se_gd_13.png
312,동남,송파,빌즈 잠실,서울 송파구 올림픽로 300,37.521351700000004,127.1026097,se_sp_01.png
313,동남,송파,라라브레드,서울 송파구 오금로16길 4,37.5110989,127.10909369999999,se_sp_02.png
314,동남,송파,반고흐카페 롯데월드점,서울 송파구 올림픽로 300,37.521351700000004,127.1026097,se_sp_03.png
315,동남,송파,뉴질랜드스토리,서울 송파구 석촌호수로 268,37.509688399999995,127.10570700000001,se_sp_04.png
316,동남,송파,카페드로잉,서울 송파구 송파대로 111,37.4856859,127.1193237,se_sp_05.png
317,동남,송파,가배도,서울 송파구 백제고분로45길 6,37.5092297,127.110825,se_sp_06.png
318,동남,송파,피치그레이,서울 송파구 가락로21길 14-1,37.5036315,127.11095139999999,se_sp_07.png
319,동남,송파,서울리즘,서울 송파구 백제고분로 435,37.509745,127.11153490000001,se_sp_08.png
320,동남,송파,카페단지,서울 송파구 백제고분로45길 12,37.509585799999996,127.1101331,se_sp_09.png
321,동남,송파,어나더선데이,서울 송파구 송파대로48길 3,37.508446299999996,127.10493459999999,se_sp_10.png
322,동남,송파,벨라스가든,서울 송파구 백제고분로41길 42-19,37.5100441,127.10627620000001,se_sp_11.png
323,동남,송파,고고스,서울 송파구 석촌호수로 197,37.509240399999996,127.09915430000001,se_sp_12.png
324,동남,송파,파티세리 도효,서울 송파구 오금로16길 10,37.51076810000001,127.1087221,se_sp_13.png
